iteration,gini,selectivity,mean_pli,mean_centrality
0,0.33362114333176235,0.012637621828354878,0.3240789188009444,0.32966231603893853
1,0.3430614333579726,0.030033143190685993,0.29934690228341326,0.327558521167928
2,0.0868549392617491,0.28707666133253473,0.3784588975010803,0.24760950190463585
3,0.282426802352926,0.217472136112464,0.2986362235604152,0.2014648379741948
4,0.3213989985793606,0.2556361300128215,0.06710756380670677,0.3558573076011112
5,0.27690422735218667,0.3161915607305194,0.2826099086649743,0.1242943032523197
6,0.2959857765640818,0.26975506274324557,0.2720800140983645,0.16217914659430802
7,0.3536614953254469,0.19451782207878573,0.11040648768829346,0.3414141949074739
8,0.2630320716477138,0.10777429241062463,0.3554001094473284,0.2737935264943332
9,0.2687860272353078,0.14578265161950033,0.2869166023222285,0.2985147188229633
10,0.2400536593439628,0.13196349360774912,0.3353945998658946,0.2925882471823935
11,0.15795650908294082,0.3153083264174146,0.3518457644768752,0.17488940002276943
12,0.05437751094254516,0.39292160580104873,0.3824920232602371,0.17020885999616892
13,0.2832111723264601,0.13071675448510706,0.25747629228229274,0.32859578090614006
14,0.16914130047181955,0.271506895912149,0.30624091108858426,0.25311089252744723
15,0.25557089799896127,0.2527042357083203,0.292458919523518,0.19926594676920037
16,0.36282432319180624,0.17412617417920498,0.12966628299355842,0.3333832196354304
17,0.08089213280913077,0.2632194419621802,0.37783374183547663,0.27805468339321227
18,0.15933733361188848,0.36165477973797977,0.25210050444145043,0.2269073822086812
19,0.01430378637846925,0.40598168359778175,0.275284258739978,0.3044302712837709
20,0.31522962531753473,0.14698438038003006,0.33850879548504215,0.1992771988173931
21,0.30913129807919243,0.23975155092205566,0.13081979112437964,0.3202973598743723
22,0.32964935638178394,0.11562306067015204,0.3207180899250764,0.2340094930229877
23,0.07843481721794761,0.4209769861641051,0.36756853683262947,0.13301965978531785
24,0.18162423684049622,0.38518552545935836,0.3964023371972494,0.03678790050289615
25,0.37826269869859797,0.012760276652289447,0.2962963222251345,0.31268070242397816
26,0.3248684760015874,0.16931827029646382,0.2375318446430013,0.2682814090589475
27,0.03780706794006535,0.28295989115513465,0.3104408757315534,0.36879216517324664
28,0.033572168641231595,0.38703183971681226,0.39198598291795345,0.18741000872400282
29,0.0075177662844840105,0.3900164958867667,0.2071468955232143,0.39531884230553505
30,0.27863000573830665,0.15579179817508568,0.33073329994176864,0.23484489614483905
31,0.19882287504312934,0.28415112150862437,0.3124369341354846,0.20458906931276166
32,0.25966200986945354,0.18507398105731884,0.2869073719221165,0.26835663715111124
33,0.16741772039175787,0.24475261359212638,0.4069473286221948,0.18088233739392087
34,0.29798924208779043,0.1351213903015451,0.280835551420861,0.2860538161898036
35,0.0452113248052389,0.39096229123590365,0.32815951687560957,0.23566686708324783
36,0.3000155940741236,0.26043980692284274,0.2322159164313933,0.20732868257164042
37,0.2892355509129972,0.11796979846251043,0.35063438370510297,0.24216026691938947
38,0.3187871465233147,0.121786252515612,0.3244098553634427,0.23501674559763064
39,0.3108869214620928,0.17632528109938012,0.3113514171011047,0.20143638033742245
40,0.1911865263593893,0.3562110574283095,0.1188163175368659,0.33378609867543524
41,0.08415526917100039,0.3398185720211678,0.28658108956434897,0.2894450692434829
42,0.29042011253005884,0.2290102359270318,0.10621025778406551,0.37435939375884386
43,0.2664367494470736,0.31518255434765524,0.3842874747806552,0.03409322142461588
44,0.029348151047099084,0.010798636487182283,0.47770393738360095,0.48214927508211763
45,0.1012624442591793,0.4462539314504806,0.44061242872324347,0.011871195567096631
46,0.17553093837274536,0.32713942432787046,0.17439160146374005,0.3229380358356442
47,0.3000668905066668,0.16631927077405342,0.3055943336668358,0.22801950505244398
48,0.27340689670631135,0.19623002267620518,0.25615717755897505,0.2742059030585084
49,0.08782325105113768,0.32673013785693594,0.30700793154146727,0.2784386795504591
50,0.27335146369534497,0.24547898594003328,0.29513520113104796,0.18603434923357376
51,0.27082935655332674,0.2673158594691209,0.1840401310539554,0.27781465292359697
52,0.3281315311950626,0.06444289283002744,0.2597650493381971,0.34766052663671276
53,0.03462439996767095,0.4693585860010296,0.47584400806059807,0.020173005970701333
54,0.2811749992898765,0.2353260122862955,0.1802536190146364,0.3032453694091916
55,0.0005181843187119927,0.3683360767841526,0.39411893198726994,0.23702680690986544
56,0.3044252431289132,0.10902835767543947,0.30032163592018757,0.28622476327545976
57,0.4028673109310436,0.00934897924486566,0.2826114929935325,0.30517221683055823
58,0.017840682082606647,0.4722792767847749,0.4809606460055519,0.0289193951270665
59,0.15839561679598047,0.22476718622431055,0.36020705301638156,0.2566301439633275
60,0.2585650843483152,0.14612470441361397,0.3096502393269001,0.2856599719111707
61,0.3442877302577415,0.08550444767955953,0.23651435137567972,0.3336934706870192
62,0.3491552701737817,0.008181384826148589,0.2934425117558653,0.34922083324420455
63,0.10242525663334898,0.36856938373494,0.19232493584860308,0.336680423783108
64,0.11376697976991437,0.37460592645352203,0.245659825045173,0.26596726873139065
65,0.2498248228376788,0.3133260082022452,0.2260397789180369,0.21080939004203905
66,0.18479262515855915,0.16360845702339458,0.3298841817106097,0.3217147361074366
67,0.3076333203799706,0.20622822748520592,0.31988365819576126,0.1662547939390622
68,0.3361950406448505,0.0760967747478099,0.25907593993927486,0.32863224466806473
69,0.3714977902379586,0.19464302970208108,0.13285060049576214,0.3010085795641982
70,0.27217475064119234,0.30111779535592764,0.34842479926397535,0.07828265473890467
71,0.2707829699727091,0.17471334171788705,0.2597090866981034,0.29479460161130033
72,0.3683231705342709,0.14522401160887308,0.37857773756375607,0.10787508029309995
73,0.28968857415570043,0.29122531462578616,0.012251361641262117,0.4068347495772513
74,0.20935873081273637,0.3387116543714366,0.3156639046145799,0.13626571020124725
75,0.12714504764154028,0.3154053355477851,0.36956543445826506,0.18788418235240958
76,0.16477725679622168,0.33869372018388555,0.1911133680495932,0.3054156549702995
77,0.2804158098008717,0.17797539884486935,0.23240218429973755,0.30920660705452135
78,0.3373074196775349,0.10776389364332585,0.32473466582049815,0.23019402085864107
79,0.07715920833422468,0.40536131293631034,0.06839538445821285,0.4490840942712522
80,0.33304841938241414,0.1641347158120743,0.3376644586207255,0.16515240618478608
81,0.19266360595419266,0.3494005979206264,0.28056340724153783,0.1773723888836431
82,0.25871858672806264,0.2766135054023393,0.06699704176382945,0.3976708661057686
83,0.013578402037318244,0.3434976420325148,0.30441140413491685,0.33851255179525014
84,0.08409325073559525,0.39087564036018774,0.3679554108537264,0.15707569805049065
85,0.10426515542972734,0.3751048783848938,0.3810328513903882,0.13959711479499062
86,0.276057307399352,0.19374836691412872,0.2045347328934128,0.32565959279310636
87,0.35571258074569956,0.043420163219467664,0.2778455202275848,0.32302173580724797
88,0.4328190693726943,0.1191748623724488,0.045034844163588515,0.4029712240912683
89,0.3911232035057862,0.08208790702040013,0.13236290479487264,0.39442598467894097
90,0.13947612969039297,0.339383005486005,0.3462942239163171,0.17484664090728508
91,0.36695329914754576,0.07693705252737526,0.2884852978030911,0.26762435052198785
92,0.2790523563981297,0.05576999725856516,0.30807320808709454,0.3571044382562105
93,0.18777380917632697,0.29699820004873273,0.265726046355285,0.2495019444196552
94,0.24430719534217904,0.25825038321876165,0.3438900588118162,0.15355236262724312
95,0.07719839262851046,0.45709645971095975,0.45881785318195106,0.006887294478578812
96,0.3620240962177259,0.06964975266335106,0.2282488664988956,0.34007728462002745
97,0.02056440906568611,0.4300995727044592,0.45037700658103474,0.09895901164881997
98,0.11055699673550287,0.2591632655440741,0.28690781020837175,0.3433719275120512
99,0.17049095211591211,0.24326681287791588,0.3599685198213066,0.22627371518486536
100,0.04482376932653945,0.29792370507899407,0.34895507306019047,0.30829745253427604
101,0.3412777754268884,0.06317694951679496,0.2615978933687806,0.33394738168753596
102,0.1811576785162413,0.15613913838709992,0.3451528147095013,0.3175503683871574
103,0.039655199549210665,0.363790981616131,0.23801661757339,0.35853720126126837
104,0.1767441707485992,0.34827258729650895,0.1265584900161111,0.3484247519387808
105,0.165286406556966,0.3354100131363232,0.3979032279950543,0.1014003523116565
106,0.30184946528807344,0.02812880961132616,0.3281590430897402,0.34186268201086023
107,0.17518428426556726,0.11835101689850483,0.369375799215746,0.337088899620182
108,0.362240696305424,0.07261861066127658,0.23623057790088658,0.3289101151324129
109,0.20110370691762114,0.31035600314918194,0.3208416965594584,0.1676985933737385
110,0.18727754775151026,0.35262748802807387,0.3829351219430262,0.07715984227738966
111,0.163068859402879,0.35720335981495,0.41211576208631184,0.06761201869585916
112,0.13109043347703603,0.35936719425068087,0.30030773584114,0.20923463643114296
113,0.35258321713284385,0.1185968231574055,0.17276090483729697,0.3560590548724537
114,0.28096476531688425,0.25826158082132233,0.059553775662436824,0.40121987819935656
115,0.3408792658111624,0.24076277736411786,0.0510689549781904,0.36728900184652946
116,0.2850487552374632,0.342293869305982,0.06060085658900896,0.3120565188675458
117,0.18555333901417873,0.3840500581346057,0.374842948187258,0.055553654663957536
118,0.3302143838161944,0.1254186181179083,0.17604238298932748,0.3683246150765699
119,0.1354256265097607,0.25394002115810005,0.3389032821295704,0.2717310702025689
120,0.12251202564819422,0.4296875072642217,0.4237545672355179,0.02404589985206615
121,0.3104981258008139,0.41041764004347375,0.22916967719429046,0.04991455696142199
122,0.3293146273861522,0.22158971173666844,0.14001470350247644,0.30908095737470287
123,0.16574085573609224,0.3289700733022791,0.29087748461644247,0.21441158634518623
124,0.035675747094168,0.39087221526922167,0.316285848476487,0.25716618916012335
125,0.30502068217093914,0.1306123807228533,0.2919622339871681,0.2724047031190395
126,0.3051471056305536,0.28381817165705536,0.3583007344916685,0.052733988220722505
127,0.3804922923394877,0.10835811391390976,0.16944855538901646,0.34170103835758603
128,0.3589807192152135,0.024706927332008924,0.36042173628999224,0.2558906171627854
129,0.3323377844150115,0.009450251386182487,0.30306463916404663,0.3551473250347594
130,0.3721768728021547,0.15223311112051596,0.25074163543534267,0.22484838064198667
131,0.012899988738100495,0.37511539455054294,0.2978807083967633,0.3141039083145932
132,0.4668005431318973,0.05759788390603468,0.015050320019698901,0.46055125294236915
133,0.3813312544264392,0.16132944825994786,0.1258972450588482,0.33144205225476475
134,0.31399794200618464,0.2895575681085748,0.3903696612177669,0.006074828667473724
135,0.3505614102757884,0.10033555885570025,0.2178565258835831,0.3312465049849282
136,0.21652816105080883,0.30991029178709045,0.3563454972365836,0.11721604992551722
137,0.3304805203868042,0.2865256615881978,0.01866540628051365,0.3643284117444843
138,0.13420130907074018,0.3595404745735742,0.21881927537545764,0.28743894098022793
139,0.35582755311041964,0.20433262280107403,0.07309791320903124,0.36674191087947505
140,0.2867882217336107,0.1047001765891326,0.26173587686548927,0.3467757248117674
141,0.35527649833188624,0.022721129371874517,0.3612419572003599,0.2607604150958793
142,0.24122896347732367,0.25048576261294947,0.2555446476302427,0.2527406262794842
143,0.3306251760907225,0.3122537933794396,0.013880700360887363,0.3432403301689505
144,0.23249250037317823,0.23502448192948572,0.2600195293258208,0.2724634883715153
145,0.31012109132333066,0.23122839357806568,0.21365910735324908,0.2449914077453545
146,0.22753498051443505,0.2538044499650198,0.29332096809283925,0.22533960142770587
147,0.2070388474094021,0.2758635695146859,0.3350930295649794,0.18200455351093262
148,0.34313639895349785,0.061004540041594224,0.2695367084599955,0.3263223525449124
149,0.2436922378381002,0.008757178607968227,0.3548526725115094,0.39269791104242213
150,0.31311070971813176,0.08438671380182988,0.33948192757042533,0.263020648909613
151,0.25340431566737864,0.1786938629614937,0.3312390723876412,0.2366627489834864
152,0.09785505823942799,0.27159217236249045,0.36092933290980994,0.2696234364882716
153,0.27965140190686943,0.293388929599111,0.2518667462099162,0.17509292228410336
154,0.22605462919571204,0.24935039370204967,0.31826604667047714,0.2063289304317611
155,0.1832573809301611,0.3061185048848437,0.281568190672977,0.22905592351201812
156,0.22846608420655565,0.21020651966631634,0.2963685648425444,0.2649588312845836
157,0.3438383825905106,0.04249488683470922,0.2682704762186828,0.3453962543560974
158,0.1229039096118144,0.3020092184068738,0.36372450288668573,0.2113623690946261
159,0.18382363595798057,0.29726662985681584,0.10941216986534091,0.40949756431986256
160,0.3475354208621465,0.14226760253693727,0.21105442329379714,0.299142553307119
161,0.3104556862031626,0.27592715022143655,0.0807521121896384,0.33286505138576233
162,0.09995236146128637,0.3713095780008059,0.25979515250456725,0.2689429080333404
163,0.2970063497222594,0.08909393498456221,0.31624739551897674,0.2976523197742016
164,0.09414134005160259,0.3926344210213003,0.4304984816238372,0.08272575730325989
165,0.23253072580334785,0.25854018284713015,0.3005714876040854,0.20835760374543658
166,0.346278163223831,0.08079336098821714,0.3427401210335302,0.23018835475442173
167,0.11064282042026807,0.27633838228672375,0.3408152880843695,0.27220350920863867
168,0.33334585633065295,0.19293956641589824,0.15335373547540185,0.3203608417780469
169,0.3291709063796911,0.07763623526059396,0.23644953678669248,0.35674332157302235
170,0.3132779013393514,0.012402510922576599,0.29204842132369907,0.382271166414373
171,0.10527092008024158,0.34072362796589417,0.3991639571682052,0.154841494785659
172,0.24007859622535455,0.30432950945589105,0.27269297031485723,0.1828989240038973
173,0.3150298940122912,0.25899792995080084,0.29326836106657844,0.13270381497032951
174,0.17469145650339105,0.34587767945661346,0.37879583522653754,0.10063502881345801
175,0.33148520608891585,0.14973891021105618,0.193584662558823,0.32519122114120497
176,0.05915858601340471,0.4677524446228786,0.031409973168045696,0.44167899619567086
177,0.2396501018070609,0.1629728660514547,0.2959539149373113,0.301423117204173
178,0.25617348467709394,0.08474452643838341,0.2497831989972441,0.40929878988727847
179,0.3078461963661161,0.21443655760942923,0.30328579768636177,0.1744314483380929
180,0.35411900787585754,0.008480116398406106,0.25000137784134835,0.387399497884388
181,0.3227419317997942,0.027925764225990152,0.30657768770135607,0.3427546162728595
182,0.2353242995022731,0.21253292680997318,0.29691255353376034,0.2552302201539933
183,0.3507040134901625,0.07308482182607284,0.26078930854911636,0.3154218561346483
184,0.3338189136449724,0.3091966309678807,0.0817088907017506,0.2752755646853965
185,0.01708550152004331,0.3646961870611226,0.4305962885210457,0.18762202289778848
186,0.3537508899357926,0.08130586130882896,0.2708694294618422,0.2940738192935362
187,0.3456711712892385,0.20629607399355868,0.17073983734765896,0.2772929173695437
188,0.03758398336342441,0.2874606635172555,0.3653367638188151,0.3096185893005049
189,0.3372698283654007,0.22291558705835626,0.045543245684714434,0.39427133889152854
190,0.2707935749986529,0.27853368774906795,0.14984705436396362,0.3008256828883154
191,0.25178430833337995,0.34186655502342733,0.12774485258428064,0.27860428405891213
192,0.24823210438690746,0.2973486069975964,0.3467104109980363,0.10770887761745981
193,0.202836869537152,0.35313175111558687,0.3717044117452212,0.0723269676020399
194,0.34451817995129286,0.12776924824287533,0.1543111968480022,0.3734013749578296
195,0.3005063211028497,0.2579828655298487,0.08209732728547137,0.35941348608183027
196,0.1941528301651737,0.20065955737928978,0.29257907783413784,0.3126085346213987
197,0.30548790314371466,0.3124592116952874,0.02399363601579944,0.35805924914519854
198,0.07174019806019721,0.33670906300310083,0.3584711569069994,0.23307958202970255
199,0.36995946023193793,0.34373430800436855,0.2299848654526609,0.05632136631103266
200,0.19908305427691794,0.25467990783176053,0.3323581226133526,0.21387891527796893
201,0.2653705960469952,0.284499563264645,0.30632466220467874,0.1438051784836811
202,0.23863217549629312,0.3001078486640305,0.26972083956501136,0.19153913627466498
203,0.04652785038086475,0.4057653653698606,0.2942613915578232,0.25344539269145144
204,0.34074641410199746,0.029498430197670837,0.3477622944169871,0.2819928612833446
205,0.3846355527066514,0.011154296214338019,0.241635377650164,0.3625747734288466
206,0.3340561606207144,0.12910516021312446,0.2704629398017052,0.26637573936445597
207,0.21188818543717775,0.3715378022248715,0.24118054048139337,0.1753934718565575
208,0.15231032827223384,0.3153514684271534,0.2630783304259794,0.26925987287463343
209,0.04894202954584275,0.3077976139189514,0.34579362795214347,0.2974667285830625
210,0.12999736369246084,0.27634020183285124,0.38295363353177725,0.21070880094291072
211,0.27513062169452207,0.23959275417761305,0.22026200622591924,0.26501461790194575
212,0.34262596861395755,0.14168237859730298,0.14689651561254785,0.36879513717619167
213,0.17164596347329,0.35576373751754437,0.1357619665798226,0.3368283324293431
214,0.29564594449518117,0.16274281545052258,0.3546194159837224,0.1869918240705739
215,0.32678792822517144,0.11372556689460868,0.2097531512113155,0.34973335366890446
216,0.03931779858682337,0.3447088846407796,0.4093813985633376,0.2065919182090594
217,0.29977999318299803,0.10573577347923584,0.26723788843509966,0.32724634490266646
218,0.05766755982222293,0.47622531481300573,0.45335914195546145,0.012747983409309938
219,0.38622312603445835,0.26046242406752423,0.036378922218422025,0.3169355276795953
220,0.18059969381636032,0.33050912644398667,0.31694841080714475,0.17194276893250823
221,0.4087134788955068,0.1352941046633089,0.3717901438639903,0.084202272577194
222,0.19777171512131794,0.2699026367418186,0.2756514999477054,0.25667414818915807
223,0.39584512582772347,0.05098273497075508,0.2839616580175298,0.2692104811839916
224,0.22115727342791902,0.16878896368327737,0.31985873245143154,0.2901950304373721
225,0.39371737421730324,0.01153261398227413,0.35329884662144323,0.24145116517897935
226,0.28645217857666133,0.22717965832168605,0.14192032961690043,0.34444783348475216
227,0.32648501659984686,0.24164868793893773,0.2982576152317751,0.13360868022944036
228,0.13007804383620128,0.30462881572301514,0.4239428397327902,0.14135030070799345
229,0.33902011701332385,0.2654780320941762,0.026830053222878552,0.36867179766962144
230,0.3044243353389374,0.1566792107067191,0.25480287549294095,0.2840935784614025
231,0.2077474010478851,0.24991532417670423,0.34929221756541756,0.19304505720999307
232,0.34927639203870947,0.13648281266491874,0.15385945553408145,0.36038133976229025
233,0.3296591223480137,0.34579122286671715,0.034692272608730125,0.2898573821765389
234,0.11936449650780612,0.3757244994033188,0.08192033434788366,0.4229906697409915
235,0.04295503786900048,0.4016621555711256,0.4201103090375556,0.1352724975223183
236,0.3893442163386856,0.26957291242160974,0.026578693367880428,0.31450417787182416
237,0.21273760861971983,0.2809585372794396,0.344311514524407,0.1619923395764335
238,0.28154965036429647,0.3028699974475042,0.023597598900022877,0.39198275328817644
239,0.35281713018978145,0.2575100975089863,0.07557171476144033,0.3141010575397919
240,0.2425026033242859,0.37950351989395464,0.340124463768419,0.03786941301334051
241,0.2501676761582588,0.24444765395655946,0.3461992570197853,0.15918541286539645
242,0.34904377729554836,0.24801413520184243,0.044661793251497814,0.35828029425111146
243,0.28301288080434983,0.054177063353465914,0.27354209744578156,0.38926795839640266
244,0.4694717330992883,0.03957048300399895,0.02641420215020423,0.46454358174650856
245,0.09741580285597955,0.329878085806419,0.3403569305874801,0.23234918075012137
246,0.3397181538705339,0.23345974198109168,0.1125547229763833,0.3142673811719911
247,0.348347001110264,0.22319574446406232,0.029758003041795496,0.3986992513838781
248,0.07307191426441388,0.3419903279412511,0.34047694540481976,0.24446081238951528
249,0.2663973619520799,0.07241476401260295,0.3156152230657083,0.3455726509696088
250,0.16952933406219273,0.08630072504824893,0.384537880887019,0.3596320600025392
251,0.018826981471625266,0.3847509700025278,0.3042007382573205,0.2922213102685264
252,0.11337872588193827,0.3285109250953399,0.3298348706897088,0.22827547833301304
253,0.03785355480033259,0.4793318457470936,0.4642317237443787,0.018582875708195133
254,0.04123622604094824,0.43485013607083106,0.3812166478171412,0.14269699007107944
255,0.29777661702784525,0.17052788258696444,0.30803062796596853,0.22366487241922187
256,0.2944731781956376,0.07200381057394054,0.31994984622435196,0.31357316500606985
257,0.2718666988673677,0.25928494465431035,0.30018196525998636,0.16866639121833565
258,0.33356809152233297,0.06755879488217115,0.3919321245118025,0.20694098908369343
259,0.3574646203787561,0.12149516937745794,0.3517885345299448,0.16925167571384103
260,0.30869858616729234,0.31398197051463406,0.25638359662863197,0.12093584668944155
261,0.37082244958857574,0.15278596051071716,0.21000872579117438,0.2663828641095327
262,0.36379466815620487,0.04418226164196538,0.4312148216439032,0.16080824855792653
263,0.03220053297848344,0.36147344789585906,0.4183685540059212,0.1879574651197362
264,0.2616760835686391,0.20529657314506938,0.20048886397191537,0.3325384793143762
265,0.04641773813849139,0.3785195301354134,0.25962714559460714,0.31543558613148803
266,0.4434220518126659,0.21900291113209908,0.0669074002180472,0.27066763683718786
267,0.32310985051738694,0.3574811394595149,0.16613296608204808,0.15327604394105004
268,0.26743801892514063,0.16625758847557032,0.376449603342699,0.18985478925659002
269,0.29129783677384297,0.33491806250664163,0.3536651939010274,0.020118906818487967
270,0.25007749162747456,0.33986074578399594,0.3432697757117927,0.06679198687673678
271,0.2924315378960879,0.33223983276659186,0.0005578557008685982,0.3747707736364515
272,0.23180924484016124,0.20284989299538822,0.2580000059436811,0.30734085622076934
273,0.42013797898970506,0.00733846966158422,0.4024314253528589,0.17009212599585172
274,0.3691138667255586,0.2443960298780095,0.0057510342132264134,0.38073906918320544
275,0.328127517641614,0.10010699604751516,0.21489795120461466,0.356867535106256
276,0.27594564319986836,0.1776951869514754,0.36759468326378536,0.17876448658487096
277,0.10350931821119985,0.4036837419717311,0.3913290362127147,0.10147790360435421
278,0.26815108673854915,0.2606467622576863,0.3001786051099639,0.17102354589380062
279,0.13152037573002429,0.17663566817727788,0.3429666582609992,0.34887729783169863
280,0.18673194050865974,0.2502878590324137,0.31399590573036285,0.24898429472856365
281,0.12997089893080735,0.2753802959123141,0.33277575223679595,0.2618730529200826
282,0.2895843846347876,0.08762102581943274,0.27940923819983604,0.3433853513459436
283,0.18348830931635338,0.2934669821491399,0.34680693886294345,0.17623776967156327
284,0.2217033803054299,0.15048870810548035,0.3379923418432978,0.28981556974579203
285,0.17291520090625592,0.23031506958892792,0.3333275388599479,0.26344219064486835
286,0.13398528202517598,0.3245637130356874,0.3319740160354414,0.20947698890369526
287,0.17289903131209794,0.2886048426401462,0.3179809822555391,0.22051514379221676
288,0.27255656424144314,0.2846885971368353,0.2886918187835891,0.15406301983813234
289,0.28449575899156404,0.07523396432346043,0.3065973201016983,0.3336729565832772
290,0.357597067163161,0.09927752480179723,0.3090644761720992,0.23406093186294255
291,0.05271029676210081,0.4185104882723892,0.4302097774541821,0.098569437511328
292,0.29094507091243477,0.17895837838016684,0.20777233941908985,0.3223242112883085
293,0.28925067990638303,0.0805737921262662,0.2699464458867397,0.3602290820806111
294,0.32871766838018635,0.2017227690086625,0.11860130969213815,0.3509582529190131
295,0.3344461351143497,0.15086411494666857,0.17290896138807046,0.34178078855091115
296,0.27726386275926346,0.17460700900426412,0.32948260456469103,0.21864652367178136
297,0.09385132977736789,0.3278591899645078,0.3535661316623899,0.22472334859573423
298,0.01941388343132055,0.2311914919997088,0.4365735408538887,0.3128210837150818
299,0.2688219996748685,0.26135186233462865,0.3666064787717172,0.10321965921878563
300,0.3745837688177575,0.32873013562252484,0.10583762723861816,0.1908484683210995
301,0.0611673032766869,0.45797875828887963,0.4511921004600553,0.029661837974378245
302,0.2530078939183597,0.3683000235742391,0.37706180536021816,0.001630277147183038
303,0.2782707002953676,0.2044012539590154,0.34780195675766934,0.16952608898794766
304,0.16994505540072827,0.3949102474012518,0.31179838937571436,0.1233463078223055
305,0.21652871877684823,0.22312062694304224,0.3539550294481906,0.20639562483191892
306,0.24706856770986507,0.2854984906203001,0.15367096210109643,0.31376197956873847
307,0.17702196391411684,0.289710099344465,0.13551946839173445,0.39774846834968364
308,0.19474594484020144,0.28482897051543343,0.3091451684766153,0.21127991616774983
309,0.003489778509653627,0.35932632236640444,0.4182000179885868,0.21898388113535514
310,0.3024397675433181,0.12870261918594675,0.19893434210068103,0.3699232711700542
311,0.20290994105638044,0.21458729680036626,0.2787796581067825,0.30372310403647085
312,0.21250103337048537,0.2069367574748304,0.26194417862887237,0.3186180305258118
313,0.28598369400884915,0.24645923769878805,0.16468020536980812,0.30287686292255467
314,0.30246055656717535,0.07528233067159745,0.23813519011023584,0.3841219226509913
315,0.2826275657632135,0.2768969095962628,0.15705279363763158,0.28342273100289206
316,0.28115242078667896,0.05415182908248657,0.3156095497122916,0.3490862004185429
317,0.3589668327601736,0.18479458383760677,0.09352186879471434,0.36271671460750526
318,0.35596801974450887,0.26820010385434667,0.37392747530356063,0.0019044010975838555
319,0.3002986713589697,0.24486506390443055,0.3130516886843421,0.14178457605225753
320,0.15540008389655363,0.3717535496838356,0.1258236421504155,0.3470227242691953
321,0.33415798306801314,0.040454844363299144,0.2712925507642602,0.3540946218044275
322,0.18342780370197423,0.24821256355873958,0.3161694896980479,0.25219014304123827
323,0.016373340980723825,0.39915739951445517,0.3045928554114009,0.27987640409342013
324,0.37349664145204575,0.06637403626420474,0.36714453177499556,0.1929847905087539
325,0.3106612726918607,0.2954678267310656,0.3917869706724729,0.0020839299046006817
326,0.3390614670682686,0.11772375323835993,0.16599235515158325,0.3772224245417882
327,0.26111737426038767,0.14314972373000664,0.30246964065856236,0.2932632613510433
328,0.2890264679197068,0.26811269953142247,0.13915883282917976,0.303701999719691
329,0.2905578711757425,0.1663000130660049,0.29389941728133867,0.24924269847691394
330,0.22982836500399847,0.2986910400036276,0.30577929776061763,0.16570129723175622
331,0.42043615016054076,0.18347102083003633,0.029185686194396463,0.3669071428150265
332,0.1213568009802387,0.387692671735596,0.11055579986456049,0.38039472741960473
333,0.4220279082997198,0.1839252888458353,0.006761805119426457,0.3872849977350184
334,0.11122144502078424,0.3733310516830307,0.36577587917847626,0.1496716241177088
335,0.09135900258435424,0.29775314921368184,0.38012463486058135,0.2307632133413825
336,0.047192369191267125,0.40931492262815833,0.19255430705648685,0.3509384011240877
337,0.16523620223666263,0.3897092992183824,0.32909236595130414,0.11596213259365099
338,0.29334796157818377,0.2196748698986994,0.4030414018892961,0.0839357666338208
339,0.17437934847530417,0.3621644254385695,0.06966977273900658,0.3937864533471198
340,0.38012775557195694,0.21137807948219672,0.039328960825556765,0.3691652041202895
341,0.2289965516840557,0.13225295657287325,0.3172702073710621,0.3214802843720091
342,0.12433909348776244,0.2501386491299283,0.29873291439198935,0.3267893429903199
343,0.3250128491997263,0.29398361234171466,0.06580042455354862,0.3152031139050104
344,0.15473097392388502,0.29135053604680333,0.2932362540560964,0.26068223597321527
345,0.2325944659818884,0.3392531069098582,0.21552092553308974,0.21263150157516358
346,0.30516173198549873,0.08655559335412577,0.28174654758967455,0.32653612707070095
347,0.4701997331983719,0.006223172146480849,0.06049046148440395,0.46308663317074344
348,0.2820674684324096,0.05169832362789122,0.32439608838155476,0.34183811955814436
349,0.3338203343374251,0.18821718566716442,0.1757336035119421,0.3022288764834684
350,0.31645049608526477,0.07636364896007215,0.2992928730791213,0.3078929818755417
351,0.30249990917391295,0.08355302825870395,0.2830197609176884,0.33092730164969464
352,0.23977210209981734,0.18443168900030327,0.3372767878676563,0.23851942103222312
353,0.25264171049758016,0.31246961237584575,0.18924626993696267,0.2456424071896114
354,0.2680836283666584,0.16527010505895948,0.31087720776495475,0.2557690588094273
355,0.05803852395020587,0.3686265831352345,0.2912015127831675,0.28213338013139216
356,0.28558910572180235,0.01061493504184268,0.34124295806818894,0.362553001168166
357,0.34961336713338986,0.05259043783391184,0.24306975876821668,0.35472643626448164
358,0.28246608286333,0.14144904947887194,0.3325564854264537,0.24352838223134435
359,0.3293861066337464,0.1340663484191444,0.18638846058380637,0.35015908436330284
360,0.004829212489463487,0.4182022063715799,0.3962939923983179,0.18067458874063874
361,0.09326351492208397,0.30084596255314866,0.3802467490130211,0.2256437735117463
362,0.1389461055664595,0.4202717093874424,0.4331729768266816,0.007609208219416415
363,0.4154390822427507,0.02578166886037801,0.311638802815608,0.24714044608126326
364,0.07880550401258968,0.41271827851658455,0.29638805694542036,0.21208816052540547
365,0.37135394792310106,0.12864697239919598,0.1991864557893524,0.3008126238883504
366,0.007771079024931519,0.34131698447096853,0.3603573529034317,0.29055458360066816
367,0.2799744342382179,0.2305958520118429,0.2115524417138125,0.27787727203612667
368,0.3109103794697742,0.014905184619922938,0.27951083054706977,0.3946736053632331
369,0.1505246048951734,0.34603718325322874,0.2698150673639056,0.2336231444876923
370,0.24348666413152698,0.27823595029322695,0.10796716516909877,0.37031022040614714
371,0.2744975321390079,0.20744381820683336,0.23505347940678084,0.28300517024737787
372,0.22886747661397167,0.16556697521896827,0.3443044619308572,0.261261086236203
373,0.38538464516201176,0.23038949315552207,0.13002852611590238,0.2541973355665639
374,0.1051662127610092,0.35430084955343377,0.3112436934199361,0.22928924426562097
375,0.11833016309928675,0.29193133584036723,0.35605029978061525,0.2336882012797308
376,0.2884842638664938,0.17263793281351067,0.1454240181346367,0.39345378518535873
377,0.30672027676799585,0.08981280522277717,0.3049016775063098,0.2985652405029172
378,0.21681096164301988,0.2890903176977003,0.3706590599357061,0.12343966072357379
379,0.2106559701521979,0.30235515740842356,0.27603341989473207,0.21095545254464634
380,0.37676039627559216,0.028267048709418034,0.19886871335694553,0.3961038416580442
381,0.31148737180280867,0.15377223353710734,0.31258838611445605,0.222152008545628
382,0.05996662837203074,0.3798671511985283,0.38938202276897466,0.1707841976604663
383,0.23531766535942628,0.1633200971145026,0.29100551318232376,0.31035672434374734
384,0.16497818206820236,0.10954441159024059,0.37482377816129875,0.35065362818025825
385,0.36511135929455335,0.25838115764272235,0.06761467881285785,0.30889280424986654
386,0.034295375620159996,0.3559116772283917,0.4072462216619244,0.2025467254895239
387,0.11632937556259518,0.3619198642278533,0.2164280737559466,0.30532268645360483
388,0.33989128076113767,0.03713775571049268,0.3072753045179232,0.31569565901044644
389,0.2968874432263779,0.2515276958879592,0.25740856958012787,0.194176291305535
390,0.33788948419924086,0.2926246594305794,0.18733505442216689,0.1821508019480128
391,0.26861257046009523,0.21728968477443167,0.2543384477838464,0.25975929698162675
392,0.26941156083518175,0.26991654312885105,0.1358339574452719,0.32483793859069526
393,0.28185234908108014,0.09498772975328403,0.35087892676419613,0.27228099440143977
394,0.3243485202834947,0.07595564669916303,0.35519392207989087,0.24450191093745133
395,0.4014734594850315,0.07686329949655207,0.36831854154926225,0.1533446994691542
396,0.2520307050497172,0.1921609138896375,0.30531695873130266,0.2504914223293426
397,0.3253169421582765,0.08639356871047711,0.2852269437973719,0.3030625453338745
398,0.3236428813398648,0.2322025390468202,0.029768751033325446,0.4143858285799894
399,0.18399927380659176,0.3640379290488515,0.05519465696722711,0.3967681401773296
400,0.25133801726002597,0.243068124764401,0.29549312794431143,0.21010073003126167
401,0.27832583104278785,0.10441629410129792,0.28312418861430944,0.3341336862416048
402,0.07492714181072366,0.3213703152803335,0.38541587969072316,0.21828666321821963
403,0.350891690572623,0.28895075052809255,0.0236925595129229,0.3364649993863616
404,0.3224191190506647,0.2665237891274298,0.33763820177535403,0.07341889004655143
405,0.11237775008387023,0.27884020231003503,0.36321680968487025,0.2455652379212246
406,0.234338304033104,0.2219090963779147,0.3504813744712769,0.1932712251177044
407,0.04424065960845986,0.2069219659676477,0.40943823841229515,0.3393991360115973
408,0.1734084255101135,0.2750856544308743,0.3017513123996699,0.24975460765934226
409,0.17730291010118646,0.3379034372449017,0.3421443184538853,0.14264933420002654
410,0.2863448895268885,0.1932324882243781,0.4125647982251926,0.10785782402354079
411,0.21756046458020337,0.16828482790882165,0.3037096725898127,0.3104450349211622
412,0.3449850091178399,0.15231865806411107,0.2224316308320034,0.2802647019860457
413,0.15085155634243103,0.3040052805720843,0.40188841972893113,0.14325474335655355
414,0.3516287682022879,0.28861935937012706,0.03678274780384152,0.3229691246237435
415,0.17557966370256334,0.3664502239078035,0.3904865988282611,0.06748351356137204
416,0.042949470822503735,0.3919381821616737,0.42126748441329087,0.1438448626025317
417,0.35448184253929127,0.0781015081365025,0.27874124439395814,0.28867540493024796
418,0.2699258223442107,0.2833973656809822,0.34170566099551336,0.10497115097929388
419,0.3636145596102915,0.013777352819755583,0.33847514060566336,0.2841329469642896
420,0.26479116016965204,0.33259505043862797,0.04365196919085822,0.3589618202008618
421,0.4057623262388948,0.022240546575225187,0.16882457225737157,0.40317255492850845
422,0.15589756624164472,0.2155166418467945,0.3229796101725179,0.3056061817390428
423,0.2299052488830083,0.14983436241163225,0.30441466666006184,0.3158457220452977
424,0.2328755614318559,0.1761276982101952,0.3119488996847282,0.27904784067322075
425,0.20532927384136163,0.2886161820390089,0.348395537458993,0.1576590066606365
426,0.31616077193008923,0.1376176210215307,0.3085763099023999,0.23764529714598004
427,0.31569475210454895,0.15976385562825923,0.35492905506157796,0.16961233720561386
428,0.3569773346312591,0.2466013324372016,0.0643901766590742,0.33203115627246516
429,0.46679686268941967,0.05022548739029706,0.02284522107524519,0.46013242884503797
430,0.14653059474224903,0.38493340110225505,0.2607519767222709,0.20778402743322508
431,0.21738602655652525,0.35406053606087307,0.35964326442481515,0.06891017295778648
432,0.1842408985566952,0.2520819143349896,0.1967523089695264,0.3669248781387887
433,0.1695187054379236,0.32175628184408256,0.31215808950081314,0.1965669232171806
434,0.36439788685313707,0.16612746401476491,0.4034959842428825,0.06597866488921561
435,0.3128793468624735,0.09215428400148527,0.2479721281328554,0.3469942410031858
436,0.3948973769578661,0.00651235172698756,0.3276859949059699,0.27090427640917647
437,0.10984069785141938,0.36479012574238723,0.2821209484081792,0.24324822799801418
438,0.2202618147573998,0.3161451937421772,0.4049252367083984,0.05866775479202453
439,0.11459052713195758,0.3959595521851197,0.34825581001073214,0.1411941106721906
440,0.2722948516867224,0.29792697215541575,0.055322886721292,0.3744552894365698
441,0.03411490661598507,0.3618708741586334,0.437743180775418,0.16627103844996352
442,0.009003719421759138,0.491241869710912,0.4916863172690375,0.008068093598291316
443,0.09245266295242445,0.32939179162450477,0.31608127670042546,0.26207426872264533
444,0.25651486012072555,0.30465919972027955,0.35714875594212764,0.0816771842168672
445,0.33043511561175065,0.1947178165464106,0.38124403210683677,0.09360303573500205
446,0.34396890553887316,0.2969205183967019,0.031205471933677623,0.32790510413074725
447,0.17617455493338363,0.35024999550761016,0.3334876979111204,0.14008775164788595
448,0.10560503588245919,0.34044989142054205,0.33330205391071344,0.22064301878628528
449,0.35145560773389894,0.2343121619264864,0.028238656797592143,0.3859935735420225
450,0.2284372894440424,0.3668603942537546,0.37459804700120486,0.030104269300998132
451,0.3574855875792803,0.05339579233730069,0.2969605553912133,0.2921580646922058
452,0.27776422098040554,0.2931857415979494,0.1238792317930483,0.3051708056285968
453,0.2621457150541688,0.3131309844360252,0.3859378982742769,0.03878540223552911
454,0.2749620072461779,0.19869704711725844,0.33987885075949853,0.18646209487706508
455,0.10196758468188895,0.3969883641841756,0.3283709034931966,0.17267314764073888
456,0.36156218514516225,0.2454190702658206,0.04696178312954628,0.3460569614594708
457,0.3012834839397308,0.2061142288200282,0.2021224279617514,0.2904798592784897
458,0.07980376023718387,0.03324526990175373,0.4479812669271587,0.43896970293390364
459,0.23028243519659786,0.3140992017661424,0.15534639068593142,0.3002719723513283
460,0.3363203428535153,0.09649696404509722,0.3262074184811001,0.2409752746202873
461,0.024184801262637265,0.36008452568154203,0.21761668474344123,0.39811398831237943
462,0.14174004092718628,0.3152470492607314,0.3009163851042601,0.24209652470782228
463,0.2298437894354952,0.10401176023163315,0.30931433966389915,0.3568301106689726
464,0.013104534023047522,0.3979148122135306,0.38689918744326723,0.2020814663201546
465,0.299679008913251,0.24341347169361,0.31246022254454947,0.14444729684858948
466,0.410088415371864,0.1743147232481632,0.07470824613076935,0.34088861524920355
467,0.11239571720506114,0.3625729015368637,0.1889361772704366,0.3360952039876385
468,0.3368386698703112,0.10190299167148423,0.24724684684668913,0.3140114916115155
469,0.1772009058323672,0.3768017007382981,0.3717184538774623,0.07427893955187234
470,0.321941136354501,0.00494033454833814,0.3164896496367989,0.3566288794603619
471,0.25044528822946227,0.21254237510908797,0.15562732355176898,0.38138501310968076
472,0.17108536417036554,0.08601489001731707,0.3605872099171752,0.3823125358951422
473,0.11188399026150976,0.37442331330606554,0.3764865189580795,0.13720617747434524
474,0.12709790706398874,0.2555966222727899,0.33380050595358285,0.28350496470963854
475,0.08782414826312887,0.3753465013761475,0.40725058271407844,0.12957876764664517
476,0.3002233224142561,0.15043479677107452,0.2173360983208058,0.33200578249386364
477,0.24208787118836672,0.3350566283007831,0.15630831393327463,0.26654718657757565
478,0.34883455029839067,0.16560586938925995,0.2023987040856906,0.2831608762266588
479,0.2582892770583042,0.15194743508112338,0.2878270842293784,0.301936203631194
480,0.3787077238520499,0.060785325157913135,0.19337117263519585,0.3671357783548411
481,0.1751369680566927,0.3274157686286382,0.24268607329170966,0.25476119002295944
482,0.27135218137698336,0.018560689751011307,0.3370966177730502,0.3729905110989551
483,0.3014153067352656,0.22851148665603097,0.1363603854210698,0.3337128211876337
484,0.23283690543605953,0.28262525969693225,0.3147621918371854,0.16977564302982276
485,0.25897706195501224,0.2660773256190495,0.23361937227102733,0.2413262401549109
486,0.2514938666860623,0.19553636563759993,0.32051447152979023,0.23245529614654753
487,0.23006104639339597,0.26706327443619055,0.30472021933709986,0.1981554598333136
488,0.35624797361670074,0.21949073315999293,0.3862050259194782,0.038056267303828176
489,0.29438748027234213,0.10937724136365287,0.29320949102641075,0.3030257873375942
490,0.2339266320149397,0.21503142659766125,0.311259877331854,0.2397820640555449
491,0.271639626484464,0.2080232575774754,0.260322405228891,0.26001471070916954
492,0.2598775444772624,0.15036348481640097,0.26041194497654646,0.32934702572979024
493,0.01243519538836323,0.33510972074259515,0.3454557943114,0.3069992895576415
494,0.40950581279537235,0.11416514326833203,0.1696150654152349,0.3067139785210607
495,0.24341334778378432,0.3196330808246571,0.1707375471549635,0.26621602423659513
496,0.22884450783953683,0.27561686168793553,0.331868048897373,0.16367058157515463
497,0.3981293499094392,0.1180504650779384,0.11300488825599876,0.3708152967566236
498,0.1646575251000935,0.3594271499023897,0.32331629899735576,0.152599026000161
499,0.3197161777699703,0.11486755633775653,0.2556467096838379,0.3097695562084354
500,0.3145072489532128,0.07621428753179897,0.29259223552744806,0.3166862279875401
501,0.21870618475504158,0.17194316900353582,0.31513390024914517,0.29421674599227754
502,0.2141117476513047,0.2490871814322217,0.2304847364301311,0.3063163344863425
503,0.22317458698578016,0.3287990619870312,0.19151310518316986,0.2565132458440188
504,0.31350921767445733,0.31306951881681067,0.06497996209849644,0.3084413014102356
505,0.2421712099926645,0.09547946920070371,0.35359735241504997,0.30875196839158187
506,0.11738442938425238,0.4382543823868209,0.3883415751248116,0.05601961310411514
507,0.2865996130315972,0.2589279369500443,0.34911119398177215,0.10536125603658643
508,0.03890542908242864,0.31584078980231645,0.3416958785500069,0.303557902565248
509,0.36717317403766575,0.14413790151799155,0.14294491492130051,0.34574400952304224
510,0.31358307928629636,0.2666664260002508,0.4166268986774906,0.0031235960359622234
511,0.4112608117625228,0.10038235416661292,0.0652704617541059,0.4230863723167583
512,0.2614597308107039,0.2734545305007606,0.3927052725087898,0.07238046617974588
513,0.2041003646821008,0.34989554407255646,0.2485064978025216,0.19749759344282108
514,0.41481547608586694,0.10835558282035337,0.3288853342970742,0.1479436067967053
515,0.38837717481799444,0.022548139028864697,0.26863927815972555,0.32043540799341524
516,0.26528987574146207,0.15809395046858363,0.32755492314520945,0.249061250644745
517,0.24784168210833246,0.36010785363797376,0.22739554463408626,0.16465491961960746
518,0.11135432358842616,0.29138722955063073,0.32705889760587875,0.2701995492550643
519,0.20775471264111364,0.2762621765826302,0.39817160320546824,0.117811507570788
520,0.22234377942925818,0.0702841967376636,0.329877225081795,0.37749479875128317
521,0.08984975276832828,0.34564249382997997,0.3541702401544363,0.21033751324725536
522,0.28022174326951244,0.24116049496203582,0.22628565734141717,0.2523321044270346
523,0.2968866771495095,0.3347650413323459,0.018003755835151868,0.3503445256829926
524,0.3127446753264774,0.19590852674151674,0.354645101070854,0.13670169686115183
525,0.2448338833133443,0.011113183492119866,0.33298270319468565,0.41107022999985027
526,0.32330052393002473,0.15778779767367207,0.35444038033487546,0.16447129806142774
527,0.3122939782363313,0.21611908811870578,0.2709156406664879,0.20067129297847505
528,0.16386998011608234,0.20087336098633427,0.3322696716009272,0.3029869872966563
529,0.32335535848483676,0.05772222025220904,0.2983929451746736,0.3205294760882806
530,0.3377552317140024,0.14057707027867664,0.1752493593396157,0.3464183386677053
531,0.3646369139466168,0.05613586746567869,0.2615759542491851,0.3176512643385193
532,0.3015190012463759,0.20826291921562162,0.27288929759117253,0.21732878194682997
533,0.12396727783561709,0.31184843053394506,0.40607926948352824,0.15810502214690972
534,0.0006322104123040375,0.4568785057918204,0.13224784596539696,0.41024143783047856
535,0.23300485150478834,0.26359080250334255,0.10300883232915227,0.40039551366271686
536,0.08297542699337097,0.37889160613198286,0.21661603266555188,0.3215169342090943
537,0.4254293900251106,0.003063170557153619,0.22393102920875635,0.3475764102089794
538,0.008975630033437114,0.2826965154198759,0.4531430437449028,0.2551848108017842
539,0.2114864820140865,0.2986618000188216,0.12132584385210565,0.3685258741149863
540,0.1745861140922044,0.37357637684478606,0.3597891692326952,0.09204833983031437
541,0.3106390643860455,0.18458212470999902,0.31547788004432437,0.1893009308596312
542,0.34861491641337145,0.08369368808216884,0.31384391317233273,0.25384748233212695
543,0.27426965281141813,0.31690231610497366,0.06537439875272803,0.3434536323308801
544,0.3023820410054718,0.04885106424682624,0.29021229322455777,0.35855460152314417
545,0.1659288171094674,0.3820138623559266,0.2941815698112918,0.1578757507233142
546,0.3212960729374551,0.2354914759732014,0.2165177278528365,0.22669472323650705
547,0.33932324300911204,0.271391168614603,0.36643340993091067,0.022852178445374363
548,0.1468225520717423,0.3326443843219448,0.2456742740830982,0.27485878952321463
549,0.035654454798862895,0.3594392084523125,0.35986651605428616,0.24503982069453856
550,0.18147783189541392,0.27855897320910294,0.2968162227419698,0.2431469721535133
551,0.20300371756312746,0.2479555874981166,0.2848446410619884,0.2641960538767674
552,0.19288872101321725,0.35353457557031637,0.3839945001432636,0.06958220327320286
553,0.3221063076836584,0.4077750557209809,0.25416286332962007,0.01595577326574066
554,0.39277895078791303,0.03605702135275288,0.2560330183130123,0.31513100954632184
555,0.38885954330910694,0.01617903622446039,0.23155830662470847,0.3634031138417242
556,0.19563320820021907,0.30618959007999147,0.2702523689809823,0.2279248327388072
557,0.013203027560232377,0.3939314367634762,0.25071537458030263,0.3421501610959888
558,0.34768423062013254,0.025029977028913675,0.311482099307826,0.31580369304312766
559,0.28493043883019553,0.2765500902815371,0.1965824554304302,0.24193701545783716
560,0.04203222406855262,0.4410913566390597,0.23078190463568984,0.2860945146566979
561,0.28641531071857884,0.01555094321317632,0.31331301085364727,0.3847207352145977
562,0.2727489500094374,0.1174994600167278,0.2938267302497229,0.3159248597241119
563,0.15546744228966786,0.3413222128666663,0.40836146364902637,0.09484888119463941
564,0.2453094401990834,0.0876588790962238,0.31631998627966174,0.3507116944250311
565,0.3429505231381791,0.3029036899014447,0.004574150079747514,0.3495716368806287
566,0.14006409618125565,0.32296430833382644,0.3619271232231841,0.17504447226173378
567,0.11887308291674334,0.25449583583821633,0.30698247566680953,0.31964860557823077
568,0.26500267979686853,0.36011889347319126,0.05103206121279183,0.3238463655171484
569,0.2626877263332412,0.20626614235316548,0.255341454079821,0.2757046772337723
570,0.03073081534400881,0.29497877615005674,0.29810905377717967,0.3761813547287548
571,0.35144038278398426,0.03170764397611244,0.2916867237795345,0.3251652494603687
572,0.2489673623466826,0.17018166764753842,0.2750553798080986,0.3057955901976803
573,0.16833307432463457,0.24346226740017818,0.30554415944088315,0.28266049883430416
574,0.30936241140261395,0.3150598241344198,0.021580458689697612,0.35399730577326866
575,0.16812808870804932,0.34975538536732664,0.22140264327091289,0.26071388265371115
576,0.3472525348302644,0.29562299960434574,0.009751228475778922,0.34737323708961076
577,0.22809045229128275,0.37092087250890626,0.013686379051265189,0.3873022961485459
578,0.32468442130196074,0.05989869584220469,0.27018006734573674,0.34523681551009777
579,0.24554462004233607,0.36356350350635125,0.38257394222689667,0.00831793422441594
580,0.20273154879717561,0.03143329349740052,0.3734776853697936,0.39235747233563034
581,0.29860939743253834,0.0824448320606551,0.30665274776460605,0.3122930227422004
582,0.12426634083309177,0.3271595001333254,0.3161904674753463,0.23238369155823657
583,0.29757406035155975,0.07841189316916397,0.3064671248881584,0.31754692159111786
584,0.22651912163108584,0.2488963468615404,0.3398373268601393,0.1847472046472345
585,0.3774336646041001,0.09422996263998512,0.24749939886347513,0.2808369738924395
586,0.27985252735074395,0.19664798955867444,0.2942143436776309,0.22928513941295078
587,0.13251265135449222,0.2821843914958724,0.30545616946127013,0.27984678768836524
588,0.35502510257489067,0.059955954668756244,0.2026139239222218,0.38240501883413136
589,0.3652992628352498,0.02264055086739575,0.3619480583220284,0.25011212797532595
590,0.2766006800479863,0.29826787719763714,0.32974496910594164,0.09538647364843489
591,0.24649268648037995,0.20458216669786503,0.21487548514192686,0.33404966167982814
592,0.171854549799368,0.37982318329280795,0.30845452705779836,0.13986773985002568
593,0.3308045099803497,0.2530235646917093,0.051656408044032036,0.36451551728390885
594,0.16337709770051262,0.4091619975075847,0.35787124924214314,0.06958965554975961
595,0.38119939860162755,0.2430115707206662,0.01656901736612689,0.3592200133115793
596,0.35574461056227863,0.08102375861075513,0.17894894845382905,0.3842826823731372
597,0.3451261480745554,0.21516100795092932,0.0710647776356268,0.36864806633888864
598,0.2676539020569352,0.16292997785379543,0.33099050584050116,0.23842561424876815
599,0.375874512671301,0.018365550514649606,0.32726906373309755,0.27849087308095183
600,0.23474232451679658,0.24344625477720447,0.19773574532828272,0.32407567537771614
601,0.2544521427431956,0.28555181004357616,0.10552705534416655,0.3544689918690616
602,0.19525925716474266,0.29965658284574487,0.3812857305888523,0.12379842940066016
603,0.1750260132070861,0.3477280606197196,0.4085913747266377,0.06865455144655665
604,0.30225140009560175,0.10345313700022464,0.3055881067145796,0.28870735618959403
605,0.2004935719997125,0.2851860351485811,0.2322075189196181,0.28211287393208845
606,0.25225221710239765,0.20283916683804618,0.34653292763627463,0.19837568842328152
607,0.2638116459337193,0.2821164582821484,0.15495152079794672,0.2991203749861856
608,0.24925845484015882,0.28850954838891707,0.17556648586240914,0.2866655109085149
609,0.28919234410529004,0.006284364583289868,0.357843494468755,0.34667979684266503
610,0.3011379881437092,0.34701143807738105,0.013139205256532751,0.3387113685223771
611,0.27966092197062614,0.19922384600884843,0.2904654480699542,0.23064978395057106
612,0.13213305289168226,0.3559891859685578,0.18090479056094266,0.33097297057881736
613,0.11989554618679645,0.2698845057462977,0.3451018654900461,0.2651180825768597
614,0.17680764154542708,0.15101592040222844,0.35111141129440987,0.3210650267579345
615,0.37807569389510337,0.15296069977962787,0.07814226926689008,0.3908213370583786
616,0.12899871961321574,0.2786143283694231,0.3587922916003533,0.23359466041700788
617,0.28376648485737443,0.27113597208812545,0.20968653068798615,0.23541101236651393
618,0.28537948171708216,0.14490360098315952,0.1893645722510431,0.3803523450487153
619,0.32173797761938866,0.1176179746372779,0.297128993301241,0.26351505444209256
620,0.3361635423045992,0.25391795078749846,0.17588195845387916,0.23403654845402308
621,0.22273555246584423,0.27466916346337145,0.2843924139955845,0.2182028700751998
622,0.2179002851238608,0.29650067394180074,0.3513696649745154,0.1342293759598231
623,0.2847272978003654,0.06966758183614334,0.30606247861634556,0.3395426417471457
624,0.1415384657683682,0.4345332467339405,0.3782068886096745,0.045721398888016726
625,0.17268042287362928,0.32850592323164624,0.38847425481977793,0.11033939907494658
626,0.2862092637537347,0.3293560552217249,0.05306516471913689,0.3313695163054035
627,0.281106278809628,0.2900642961237457,0.15142556522841025,0.27740385983821597
628,0.3600398957329981,0.01782419252508028,0.25095101374172607,0.37118489800019555
629,0.3189276570901574,0.17972109234699846,0.3763340065845642,0.12501724397827998
630,0.2880791717104316,0.23817440352774258,0.16391712668862662,0.30982929807319903
631,0.04965491642550298,0.3461194519305056,0.4390295493482815,0.16519608229571003
632,0.3234938877649439,0.27748156433732857,0.009537670538757311,0.3894868773589702
633,0.23490139834712342,0.20350082154626442,0.23924024050968065,0.3223575395969316
634,0.24774093701719507,0.1485892808154486,0.29587444612584746,0.3077953360415089
635,0.331204662446019,0.2092500415162699,0.2891802696124272,0.170365026425284
636,0.281651815004129,0.18121657469771554,0.3053720179328254,0.23175959236532997
637,0.34508981106736336,0.0284929969226152,0.27405650407895277,0.3523606879310687
638,0.066335907809564,0.404383272501338,0.4324860498447928,0.0967947698443053
639,0.17392884026530864,0.26383711461933135,0.3246841147304523,0.2375499303849078
640,0.02098645330507619,0.4415989610107056,0.40891313224425385,0.12850145343996427
641,0.3254298922281048,0.1824994061644857,0.18126440023291893,0.31080630137449045
642,0.28213910988501045,0.20983875927316523,0.2662107956341797,0.2418113352076447
643,0.34221650245127627,0.1162835116861931,0.21925015908097983,0.3222498267815508
644,0.1769058414281242,0.3372136683096128,0.41010552453259214,0.0757749657296709
645,0.2900097323340996,0.07367487480194404,0.3360867966208899,0.30022859624306647
646,0.28435906825945795,0.33598218123204243,0.10465303549023251,0.2750057150182672
647,0.12107297460211776,0.3398248068772825,0.3766001020968895,0.16250211642371035
648,0.34224536367416053,0.022366424740868213,0.2923870372196739,0.34300117436529737
649,0.4021408198935182,0.23289973444642695,0.19621568971848985,0.16874375594156507
650,0.326257481998822,0.07000086628090078,0.2024883292917719,0.4012533224285054
651,0.16668023964384265,0.30947109865330386,0.2965351771667261,0.22731348453612743
652,0.16466074741728018,0.33866770814150426,0.15641555652710448,0.3402559879141111
653,0.24377532337556818,0.22526008867632588,0.36309971030050375,0.16786487764760216
654,0.22531079527519185,0.3541151537804876,0.12336017323140726,0.29721387771291335
655,0.21606935369075528,0.28017549132244135,0.19430552796703734,0.3094496270197661
656,0.24639016814484785,0.3137888521576859,0.3326344783910291,0.10718650130643712
657,0.03578714661135301,0.36352950073382906,0.4362403198676597,0.16444303278715822
658,0.22811568259559897,0.37350954919608936,0.21834771733633032,0.1800270508719815
659,0.2728600849007724,0.15590697992125102,0.24202233372709211,0.32921060145088443
660,0.13292166281238216,0.35262658077631365,0.3210146833561774,0.19343707305512672
661,0.04820300099178706,0.43672428182025347,0.46130387690148544,0.05376884028647401
662,0.17978215733446085,0.3221118052628694,0.26293771559272494,0.23516832180994482
663,0.35831867437653375,0.33447978634192294,0.2182227693522492,0.08897876992929404
664,0.2608549837545466,0.3396026812493185,0.004440460243783507,0.3951018747523513
665,0.2696398014492031,0.12358963794366688,0.31313645289094966,0.2936341077161805
666,0.1980525711751884,0.1483027463854553,0.30660472023606006,0.3470399622032963
667,0.1213460924343317,0.3970792042071086,0.4189519565597676,0.06262274679879218
668,0.2076132751343779,0.2309008614150239,0.3391912828058366,0.22229458064476157
669,0.2770183945909223,0.2957803807605806,0.2000122245913497,0.2271890000571474
670,0.12194044826779357,0.2955698967297902,0.3050074003528006,0.2774822546496156
671,0.2648144060660936,0.1517187097666842,0.3208600131845238,0.2626068709826984
672,0.2635275582430273,0.27061200404762925,0.21627818518581157,0.24958225252353192
673,0.12360069051090893,0.3601489841384171,0.3832491107748933,0.1330012145757807
674,0.36243805558557246,0.05336930062911782,0.30533734748073343,0.2788552963045763
675,0.20447103376807965,0.3413313658141105,0.4031689714347933,0.05102862898301655
676,0.38403100981818766,0.040543890592778055,0.2644791462375391,0.3109459533514951
677,0.17519134058192606,0.27718496185057634,0.24700573991869104,0.3006179576488066
678,0.3115437181635626,0.26026380499334845,0.260812251879394,0.16738022496369498
679,0.3020713769762321,0.09558171246260022,0.26233651168616756,0.34001039887500006
680,0.27615247820865646,0.12004819415003364,0.2996820832582122,0.3041172443830976
681,0.19392098057117618,0.26493756082503656,0.35141074695990426,0.189730711643883
682,0.3355724136740856,0.047636184347964385,0.3021206729575542,0.3146707290203959
683,0.28903480671079823,0.1375263174759595,0.2729847415102946,0.3004541343029477
684,0.315572083074719,0.07844780910696705,0.27056508849000616,0.33541501932830786
685,0.09847013144620867,0.344778206234783,0.26169563587001793,0.2950560264489904
686,0.37135763394264815,0.25896880849240655,0.07547201083533521,0.29420154672961013
687,0.19339022330726938,0.3076295423983942,0.3692635303847832,0.1297167039095532
688,0.26220709047607993,0.0030226861868451723,0.3573852786463633,0.37738494469071154
689,0.1686208500118559,0.35966437234150206,0.40419223565214046,0.0675225419945016
690,0.1737494509959913,0.12928472396835966,0.34149716152669507,0.35546866350895384
691,0.20369421955697423,0.30753937057244174,0.1743518934076527,0.3144145164629314
692,0.05613959551228722,0.3848047892439874,0.3942111840203988,0.16484443122332662
693,0.3305942003836442,0.23605733492965378,0.07557500384195366,0.3577734608447484
694,0.28956517041930835,0.0950116085958081,0.343967105026907,0.2714561159579765
695,0.3939406439645157,0.001343902451937535,0.2998421788875199,0.3048732746960268
696,0.40229990358652334,0.11674507388434296,0.1236098512502429,0.35734517127889076
697,0.27144843473471664,0.35386715376134964,0.011544436910370775,0.3631399745935629
698,0.320377701174884,0.14292293597614106,0.20657297103120362,0.33012639181777126
699,0.34095213285053116,0.12101595272204013,0.16160349266433202,0.3764284217630967
700,0.3330332936454441,0.2502865367715858,0.08747681909164258,0.32920335049132754
701,0.2156590969745328,0.3542977603742436,0.07746149310234647,0.3525816495488771
702,0.35740657430118417,0.0215980636669097,0.33513533278019614,0.28586002925170984
703,0.02358920964082993,0.4721601582394281,0.46773379445081403,0.03651683766892792
704,0.3563672782410184,0.028073940128439095,0.25869171680080205,0.35686706482974045
705,0.3353728910344513,0.1674310941392426,0.19514080552206506,0.302055209304241
706,0.23459536641150433,0.29649088903079335,0.17284940692028455,0.29606433763741774
707,0.3640584548488522,0.04532546587116139,0.26571183116915226,0.3249042481108342
708,0.24742973313432315,0.35827984230391885,0.14829042533066406,0.24599999923109386
709,0.24534008834730922,0.3617194570414307,0.30100461241388465,0.09193584219737536
710,0.34196473597940363,0.09724040943468189,0.23081321445368572,0.3299816401322288
711,0.19791116249651622,0.3430729538744495,0.3767397603612793,0.082276123267755
712,0.3541092927643121,0.08949101483322498,0.22541500282246701,0.33098468957999594
713,0.31950615985591796,0.1462125081301057,0.2913348746105193,0.24294645740345694
714,0.20481271095658224,0.04525752356079521,0.3886499429213147,0.3612798225613078
715,0.31803436453405654,0.24011525653587112,0.0835643830168528,0.3582859959132194
716,0.09296367417492726,0.4174783326404728,0.44976443091127283,0.03979356227332698
717,0.00808079974041028,0.44195054547987084,0.472242828830575,0.07772582594914391
718,0.3533380199142665,0.13262305971612853,0.12631363929791525,0.38772528107168974
719,0.2655927824661799,0.17850049136972945,0.25858384645767185,0.29732287970641885
720,0.33606547615732235,0.25987223967594886,0.05031395984765223,0.3537483243190766
721,0.121577303337981,0.1549676109741409,0.36603657406125956,0.35741851162661853
722,0.15572867820129957,0.3649338062347746,0.2467302587169607,0.23260725684696518
723,0.28735333826534737,0.0543373259478447,0.30110969291736356,0.3571996428694444
724,0.3701093908695566,0.005046140957074548,0.2794047949552037,0.34543967321816516
725,0.24340091429995667,0.20476394563829403,0.26693839076968595,0.28489674929206343
726,0.008864553572731746,0.483061592062045,0.4741436331204442,0.03393022124477912
727,0.027823191668520913,0.4117711036664366,0.32437509239197215,0.2360306122730702
728,0.40025406741664815,0.11453908859790382,0.10159518475958748,0.38361165922586044
729,0.15485183857838009,0.32014242070498755,0.39299426188185244,0.1320114788347799
730,0.2778944888441709,0.2831661845517702,0.2499536945274735,0.18898563207658545
731,0.2755130096922707,0.27665880422868966,0.11802103116407316,0.32980715491496654
732,0.33419505184710374,0.1798297293871374,0.1316289871151173,0.35434623165064155
733,0.2059975958576772,0.32411133961533806,0.4139515534024253,0.055939511124559506
734,0.30189997265209056,0.27673687994875196,0.35192222162110426,0.06944092577805319
735,0.34710243062389945,0.12806963581377143,0.28769633026739844,0.23713160329493066
736,0.18232148949995058,0.14037059418493342,0.42090009141026696,0.25640782490484915
737,0.31814115001392235,0.04413683426985499,0.3142440843157816,0.323477931400441
738,0.2417305415003639,0.2819209409948527,0.29663276548905054,0.17971575201573284
739,0.33048971496364693,0.2747666739342043,0.05163182358284609,0.34311178751930277
740,0.22310621950417928,0.36524434530523137,0.14636777393656225,0.26528166125402697
741,0.25725687913925893,0.3698479371796462,0.0549396278796997,0.3179555558013953
742,0.10581904192784611,0.313122467416417,0.3083295455555489,0.2727289451001879
743,0.3411956412857673,0.061577174301665025,0.3674977502161886,0.22972943419637912
744,0.0448736873338729,0.18256709394539072,0.42307033275442196,0.3494888859663144
745,0.1863642494560607,0.2239830272286076,0.3466233270481306,0.24302939626720102
746,0.222814171951363,0.2940712626527334,0.23686297581495214,0.24625158958095153
747,0.1950218062166437,0.21633588601449258,0.3412870016786402,0.24735530609022352
748,0.27674802519161673,0.2732081215923976,0.20794278978272018,0.24210106343326546
749,0.1978836590495826,0.3637547651245664,0.434698521331673,0.0036630544941779392
750,0.2816294465787786,0.18116049395232398,0.23430112572914139,0.30290893373975597
751,0.23260663133388693,0.35728706561262474,0.3755613100373339,0.03454499301615443
752,0.20404425771037596,0.30248893401163235,0.3213592275048436,0.17210758077314814
753,0.17638676108821455,0.33933982896949394,0.347947100440488,0.13632630950180352
754,0.3047398472113783,0.24242015564281255,0.3319258893528788,0.1209141077929303
755,0.19483988561257823,0.42323251925668043,0.3681669852861952,0.013760609844546223
756,0.3908285903348397,0.09883422822989561,0.35855327981863083,0.15178390161663388
757,0.06027962241367552,0.35872875627636924,0.3021951983116357,0.2787964229983195
758,0.3404697505845022,0.0623393582764287,0.31355507885783546,0.2836358122812337
759,0.282431857309227,0.284490955701875,0.2626437207475528,0.1704334662413452
760,0.31242787759679064,0.2745740125617633,0.04565411444557042,0.36734399539587564
761,0.26588957578949945,0.18169941237855297,0.24809152734455883,0.30431948448738877
762,0.33834800084300304,0.08021276867684346,0.3541907367363579,0.22724849374379558
763,0.35811503624617685,0.13340458627167648,0.3467381448086962,0.1617422326734505
764,0.2632960777915382,0.09437223186247819,0.30135344092739097,0.34097824941859267
765,0.2503672573916964,0.30531563981613813,0.11531145650553142,0.32900564628663415
766,0.11529542967997192,0.30948669973707027,0.3148972521979954,0.2603206183849624
767,0.26208823085054817,0.13438341627245776,0.301094151930277,0.3024342009467171
768,0.32267926894026694,0.10230866317013639,0.2821159562486954,0.2928961116409013
769,0.10458142963097986,0.31425461762865614,0.24771034776941625,0.3334536049709477
770,0.291665005154064,0.34556395386120636,0.1892979193115355,0.17347312167319417
771,0.07849659481140955,0.38191840749500033,0.3284970998703004,0.21108789782328963
772,0.0967286572740243,0.3172707395834885,0.31107998196853925,0.27492062117394794
773,0.2186138192676786,0.326474972200983,0.15465876220922653,0.3002524463221119
774,0.02211124151473376,0.37753391432740313,0.4340605603277933,0.16629428383006978
775,0.30818843638730886,0.09488526177776573,0.2751035183488701,0.3218227834860553
776,0.3123519421780917,0.11993528746421928,0.3334930357961722,0.2342197345615167
777,0.2640618355772679,0.3228714742136826,0.013173225377040928,0.39989346483200855
778,0.3575226657908898,0.0188175656817197,0.3085693285516013,0.3150904399757892
779,0.34728973006425495,0.22796836372110516,0.3864569087456051,0.03828499746903483
780,0.3296494761419463,0.05829883859718448,0.29857307305519765,0.3134786122056715
781,0.3307510563827943,0.12425578366305014,0.2890731456771615,0.2559200142769941
782,0.12317058847853077,0.29582455421948645,0.3332227725855831,0.24778208471639981
783,0.30048111248296167,0.0007625000633199786,0.3157850206630842,0.3829713667906341
784,0.2673004411870171,0.24281466466568355,0.30591906036391536,0.18396583378338396
785,0.22996350460378823,0.2329034539611192,0.35275327828061936,0.18437976315447321
786,0.19241127322211762,0.3567134401149821,0.29380087315416376,0.15707441350873635
787,0.3362964977905225,0.22134204689070977,0.09249060749057748,0.34987084782819033
788,0.36722130743377573,0.24528994243901797,0.3494259448123851,0.038062805314821285
789,0.2837442919154762,0.23238287209912029,0.29868112565345717,0.18519171033194629
790,0.35210740268444396,0.3445635179004021,0.03925470104571659,0.2640743783694372
791,0.3111696152689671,0.10155833798517387,0.31636953942660945,0.2709025073192497
792,0.33167571934007023,0.19453820839018726,0.20870633963000415,0.26507973263973844
793,0.30690257998022713,0.3256602314538784,0.007752809528950399,0.3596843790369441
794,0.07728032814935346,0.37636371176247224,0.36707069936745046,0.1792852607207237
795,0.3591860717432588,0.015124825345686498,0.3195199114166173,0.30616919149443744
796,0.32494538364145586,0.3259987902521778,0.22127149395803983,0.12778433214832638
797,0.18891670853633274,0.3930387991067192,0.29818643264282,0.11985805971412808
798,0.29415639215915446,0.23569768627897475,0.34859761992971217,0.12154830163215864
799,0.2782674580050215,0.2035528988491452,0.300725106749014,0.21745453639681936
800,0.2602882102540295,0.337591099387561,0.04228685078100396,0.35983383957740556
801,0.35756024199595915,0.2418921498847313,0.023181426965183213,0.37736618115412635
802,0.2964735168859107,0.14556395381852014,0.2800148548233526,0.2779476744722166
803,0.19436875569142922,0.2712575037462736,0.2724616227480061,0.2619121178142911
804,0.16385050591635988,0.3604664444880256,0.30367040232640463,0.17201264726920978
805,0.35421774478403134,0.3813363933253239,0.051831260006746774,0.21261460188389802
806,0.02278949313634015,0.4617386817583786,0.4702899246812594,0.04518190042402184
807,0.3281009542488499,0.24697336553260935,0.06940997767739328,0.35551570254114756
808,0.19526667831484984,0.2988972707387203,0.31839801846491156,0.18743803248151827
809,0.1105044219045881,0.3635983434751115,0.266706227353776,0.2591910072665242
810,0.07164977540134178,0.25553421572490925,0.4011899268484624,0.2716260820252867
811,0.33844498245553206,0.07429659853845116,0.2715970871599128,0.31566133184610407
812,0.25461480990521734,0.3813154338990147,0.23285187230061682,0.13121788389515107
813,0.3656532092227414,0.221511029466685,0.022751685951901322,0.39008407535867234
814,0.3005218079089705,0.1498342759007452,0.2734980651171515,0.27614585107313283
815,0.24073247718794172,0.37888260643667193,0.27665549248451293,0.10372942389087345
816,0.29522782254913443,0.2781253955900268,0.17725764451477297,0.24938913734606583
817,0.3467470982068669,0.23150915040039588,0.08871660450776998,0.3330271468849672
818,0.31590433305037313,0.09749982384413537,0.3357198949250843,0.25087594818040726
819,0.09397748328448124,0.40665168241621197,0.41711076560857674,0.08226006869073008
820,0.31692589542427846,0.14780510939862623,0.2197950402263116,0.31547395495078373
821,0.23405692671321635,0.27900818751697937,0.09719506260061919,0.3897398231691851
822,0.27882490490589884,0.20236999312116544,0.22921531415847135,0.2895897878144643
823,0.13635974339939547,0.33318139935089186,0.3989860336160256,0.13147282363368715
824,0.31966648984819523,0.12380253420070571,0.1489604581757528,0.40757051777534625
825,0.26288149321321297,0.2952818319804663,0.2155141119314201,0.22632256287490055
826,0.2717209462371784,0.20408929637040402,0.22425431972643564,0.2999354376659819
827,0.27176722978703166,0.0053720066769691295,0.342070189747095,0.3807905737889041
828,0.351305841127328,0.22212075720502053,0.2498809629786828,0.17669243868896864
829,0.1965898512972525,0.31546714308954443,0.3630279316567077,0.12491507395649533
830,0.3258562202057424,0.15022110708958014,0.30614650856958975,0.2177761641350876
831,0.26841387212138224,0.3515133577282549,0.02530149558961634,0.35477127456074653
832,0.08836528201884579,0.3519171910351706,0.2967153895832578,0.26300213736272576
833,0.30379017156011556,0.0058063671405062965,0.2999921077478098,0.3904113535515682
834,0.19328723924749538,0.3040135622031295,0.24276286937983135,0.25993632916954373
835,0.17829314473067553,0.3415867016996256,0.24718844783894325,0.23293170573075572
836,0.24990785690330752,0.21430401079589084,0.3123521706790369,0.22343596162176468
837,0.2877478320489021,0.2394447418040064,0.3204139330452357,0.1523934931018558
838,0.272605257461516,0.24429277269265554,0.21204676042292583,0.2710552094229026
839,0.3064093238628329,0.1347655222498702,0.23929426691980046,0.3195308869674964
840,0.043580303811157434,0.28868126859921844,0.3456647931901609,0.32207363439946324
841,0.2583128207840107,0.057587111273887256,0.3698279359934652,0.31427213194863685
842,0.37214787085097695,0.23013869841211582,0.09191232538466043,0.3058011053522469
843,0.239713734034771,0.27322714444768265,0.3338521559705433,0.1532069655470031
844,0.22714511171806406,0.2766645676250276,0.3001505690718877,0.1960397515850206
845,0.34438551333879264,0.04065554317463165,0.28586047889436367,0.329098464592212
846,0.17182910850116087,0.25372089741299164,0.2979896575373237,0.27646033654852387
847,0.3371050132182322,0.21865700311411745,0.16136755376958348,0.2828704298980668
848,0.31733174929111335,0.2515039068060251,0.1578511784425949,0.2733131654602667
849,0.09649119710325492,0.38602334632366825,0.35710137384219154,0.1603840827308853
850,0.28992478445892433,0.3568375414907749,0.2884651895344813,0.06477248451581939
851,0.4048306934244175,0.2410247722694639,0.035319720281644325,0.3188248140244742
852,0.33946359964369227,0.05469279685719615,0.25511805489184014,0.3507255486072715
853,0.08532029122934395,0.36187826489384095,0.35040093013555795,0.20240051374125706
854,0.27987627510923396,0.22587910941782657,0.2459626066911056,0.24828200878183387
855,0.2473955091441426,0.3067188993906043,0.3635128496709611,0.08237274179429206
856,0.16530120233042886,0.43016120615998793,0.39765153418665694,0.006886057322926176
857,0.09338887125465156,0.39068732420242913,0.40683756684310135,0.10908623769981786
858,0.27249944812569366,0.25252675046948075,0.3117351694015538,0.16323863200327168
859,0.30085752545220174,0.28216603734143203,0.0037828281573198436,0.4131936090490464
860,0.35161912155714575,0.011547820055145184,0.24351238272241799,0.3933206756652912
861,0.09215469324902008,0.21505694775023765,0.36319129705586384,0.3295970619448785
862,0.3926302221852348,0.05728048063554638,0.1302788987959082,0.4198103983833106
863,0.1740969363486482,0.35759922221559526,0.3346304582184582,0.13367338321729835
864,0.3846050998233284,0.06262708811823225,0.18634950124987762,0.36641831080856174
865,0.10279063072348739,0.3947032450160715,0.3353907993967226,0.16711532486371844
866,0.34663578521327304,0.15154984619746778,0.25501910913620846,0.24679525945305072
867,0.33808480214301345,0.0778594254706561,0.20510004252114197,0.37895572986518844
868,0.15243717071058988,0.3783389028956215,0.2679091414714738,0.20131478492231472
869,0.2672739889888868,0.3148006576331079,0.2983870120830501,0.1195383412949553
870,0.2236236196044035,0.3215425967066066,0.31170129880565994,0.14313248488333
871,0.2606853456727738,0.30900124376925686,0.008347446383251408,0.42196596417471793
872,0.315567401034467,0.1306946223401577,0.310792302165754,0.24294567445962123
873,0.30378898766121487,0.18046091815946286,0.34825573304254537,0.16749436113677688
874,0.2420281275745017,0.315026656293381,0.20807157821180672,0.23487363792031046
875,0.07090932469094012,0.4492949480892901,0.46572801279409604,0.01406771442567384
876,0.29616161402399904,0.258865469013626,0.35594417246251897,0.08902874449985604
877,0.38764455639835765,0.05298001818483847,0.17854073450158725,0.38083469091521666
878,0.34301566060771016,0.11598920647175519,0.2623141554475605,0.2786809774729742
879,0.13706942647660297,0.3901337607832585,0.12500386619549625,0.3477929465446422
880,0.24025875058755644,0.3393909784507621,0.17222405142668312,0.24812621953499836
881,0.3125706882077817,0.28076486367996145,0.14663199255013123,0.2600324555621257
882,0.3039645795893013,0.16568529891712389,0.19441722444878273,0.3359328970447922
883,0.35108870004759435,0.2355969744960551,0.20438073257069642,0.2089335928856542
884,0.1481369393941601,0.3212101910526264,0.22974711817566393,0.30090575137754955
885,0.2916662551569385,0.12882141009560896,0.2987299053042612,0.2807824294431915
886,0.31920909202631825,0.13456492051682253,0.2472096258855757,0.2990163615712834
887,0.22880505796973172,0.3393609021620356,0.2237232078802095,0.20811083198802321
888,0.25421919234963275,0.2809858782114047,0.2831799399610682,0.18161498947789442
889,0.2871841455543471,0.29431022186814815,0.08991253196114818,0.32859310061635655
890,0.307313358552033,0.2023468632611911,0.11348995966307764,0.3768498185236982
891,0.098710713155793,0.3412693711284845,0.3630357641639594,0.1969841515517631
892,0.2854849372831823,0.03374353455894857,0.32846170517345297,0.3523098229844161
893,0.38000853560049896,0.04453632210796544,0.31845455903677045,0.2570005832547652
894,0.3290265497036372,0.22045456244471914,0.2158439878236515,0.23467490002799216
895,0.11022248251326708,0.3427221366207486,0.39230280758910197,0.15475257327688247
896,0.08417063276518565,0.34885760873726707,0.3378526535025956,0.22911910499495178
897,0.22700139947207534,0.0763429429415588,0.3167472566027637,0.37990840098360223
898,0.38056338453002664,0.012373895341703965,0.36690140287221357,0.24016131725605572
899,0.2065898465271381,0.37186439192724696,0.4171631773068865,0.004382584238728395
900,0.09994290541053855,0.34350156222703376,0.3228686675964393,0.23368686476598843
901,0.14339256726319777,0.2524819964784207,0.21365543248954447,0.3904700037688371
902,0.009511476274376238,0.46657033299559303,0.4067259091248261,0.11719228160520466
903,0.3450077918118076,0.10988209774213151,0.26065591846188113,0.28445419198417976
904,0.3265380366008887,0.22384761656534832,0.36695845708483665,0.08265588974892636
905,0.10446589710941916,0.42902041052742734,0.36005946375369074,0.10645422860946276
906,0.08886217736518301,0.36143562677568764,0.21185150928198532,0.337850686577144
907,0.2521188849254553,0.28519489298212536,0.20506492446083588,0.2576212976315834
908,0.06219812380049286,0.32263827754352753,0.31742515317803227,0.2977384454779473
909,0.37765308700034506,0.1458413593711799,0.13149825866876697,0.34500729495970817
910,0.31610579566427716,0.011470853626808615,0.37913573030996706,0.29328762039894707
911,0.3388126829391267,0.05157190443394074,0.2904833425867124,0.31913207004022026
912,0.3273706228045559,0.08061361596623957,0.27632201161558967,0.31569374961361485
913,0.2288344712794464,0.26280289996893036,0.25646039603872417,0.2519022327128992
914,0.09263649285330541,0.39529254746837506,0.3493327088551973,0.16273825082312224
915,0.15876796595347628,0.381765165867678,0.4300075791534321,0.02945928902541366
916,0.09444250980575866,0.38183225709736485,0.30183327091449214,0.22189196218238424
917,0.34497024048028607,0.08379959966163618,0.261109154424298,0.3101210054337798
918,0.25854047337164626,0.1526437368837904,0.29242660642958124,0.29638918331498215
919,0.2823104124845594,0.3205923452882509,0.36993326757064365,0.027163974656545957
920,0.3317399706198775,0.3049792712011676,0.0023143742326052303,0.3609663839463497
921,0.24300744561896484,0.3398221564800979,0.055422497843478226,0.361747900057459
922,0.3182390131910776,0.23431955165200286,0.09535164669203082,0.3520897884648887
923,0.18102041281714937,0.29676063100843136,0.35560637104102405,0.16661258513339522
924,0.15967303065768412,0.27978633075900755,0.3012310632998124,0.2593095752834959
925,0.21828312243842476,0.34844317913568934,0.31603821897150736,0.11723547945437844
926,0.027428512229674566,0.4778078802296217,0.4773800162868431,0.0173835912538606
927,0.053143722616179875,0.4268895764313831,0.27417148018907583,0.24579522076336108
928,0.23158546327904175,0.2008283822007544,0.2618354248814022,0.30575072963880157
929,0.31627058657378576,0.23187082079652077,0.1677362230690459,0.2841223695606475
930,0.28500955926630916,0.1411119841536396,0.30038811234574964,0.27349034423430174
931,0.28659845120475347,0.15760877513467528,0.24988616896346316,0.3059066046971081
932,0.2517652812007284,0.17477041959270811,0.27082284354754627,0.30264145565901723
933,0.17972146734722017,0.36694784449830564,0.26510591173813974,0.18822477641633453
934,0.2343464761916937,0.32696655464902336,0.09217545117073801,0.34651151798854496
935,0.2841944177848464,0.029441198073515855,0.29359757019229443,0.3927668139493433
936,0.22679031497647217,0.3589589923468323,0.3692840553466444,0.044966637330051185
937,0.3446941061579212,0.22831784517322726,0.055765167186202884,0.37122288148264876
938,0.32554571065682014,0.10429461327443504,0.28960733399340344,0.28055234207534135
939,0.2647183493352463,0.296709029287887,0.1375541946834559,0.3010184266934109
940,0.017362381768655177,0.3220628295832569,0.3413598425761552,0.31921494607193274
941,0.30457277050558573,0.023700075618824312,0.31582491691049097,0.35590223696509904
942,0.1551572795025908,0.3292187713671666,0.1645623671837903,0.35106158194645226
943,0.18964729634888025,0.30539264109773095,0.1997415774671745,0.30521848508621424
944,0.0460629138510593,0.3710105360242651,0.32729732929517535,0.2556292208295003
945,0.18385466757278188,0.3495175954500799,0.3833734274085874,0.08325430956855094
946,0.28121622549163205,0.30276294094991424,0.13797345396959365,0.27804737958886006
947,0.30951810130820956,0.11099780722903463,0.24275478272820147,0.3367293087345544
948,0.30170920582912436,0.11199519156892342,0.3203491496770864,0.26594645292486585
949,0.1822125297805148,0.265080654412793,0.37051299195211446,0.1821938238545776
950,0.26097193894984305,0.16334293828482715,0.32680070250113175,0.2488844202641981
951,0.256766103795587,0.24480402033942028,0.2621398945000049,0.2362899813649878
952,0.27754640825624605,0.24173704805098095,0.3112078238306246,0.16950871986214833
953,0.30295770278745693,0.12970997916050256,0.30569874108716055,0.26163357696487993
954,0.2549282113542114,0.18864110649600385,0.3235634479632135,0.2328672341865712
955,0.1525403459210639,0.38822024981567926,0.43027783363256294,0.028961570630693892
956,0.35187370944478863,0.05689653367254615,0.28665406923159537,0.3045756876510698
957,0.3381117135750731,0.3056812875155074,0.2867286706806972,0.06947832822872245
958,0.2935512092833485,0.318455858638638,0.024530104393316772,0.3634628276846966
959,0.23359442738712513,0.38316538762351765,0.3789830583509503,0.0042571266384068785
960,0.33134466864943224,0.34918550617239846,0.08041194358655851,0.23905788159161065
961,0.23372896425824116,0.2662094832936493,0.21212318706672445,0.2879383653813851
962,0.06095414051417942,0.38625744326824946,0.25530883466891086,0.29747958154866033
963,0.33207411433361816,0.09735057253034922,0.2386715361512275,0.3319037769848051
964,0.045228723419301994,0.4255739127516505,0.3990127292079008,0.13018463462114657
965,0.30337104348731786,0.24719626562630403,0.06587770551535485,0.3835549853710234
966,0.2756508899276765,0.14073563517000373,0.2954637354064718,0.2881497394958478
967,0.31918344333171034,0.2089309667421933,0.35479415728567265,0.11709143264042365
968,0.15952155449553593,0.38731895092536295,0.42855566287896474,0.024603831700136462
969,0.31347936473988297,0.2129949596053066,0.14166014394144807,0.3318655317133624
970,0.2926292178996276,0.2428469127983601,0.3882161274174034,0.0763077418846089
971,0.331427518279425,0.19130275435517582,0.21316617334411084,0.2641035540212884
972,0.2646777743425643,0.13085230405453527,0.23469744952410457,0.36977247207879593
973,0.039544957470337594,0.2778514142795618,0.4087794740135058,0.27382415423659484
974,0.3388333152738793,0.07666266229188311,0.31236956284869277,0.27213445958554494
975,0.2692841823449827,0.22517119349990874,0.14990773312785327,0.3556368910272553
976,0.2855937099758584,0.13930460776314865,0.33501948239931856,0.24008219986167442
977,0.3078518369663206,0.31985048701983176,0.21491795200189456,0.15737972401195308
978,0.20954175420383248,0.2733876790657076,0.2453016968654529,0.2717688698650071
979,0.38390478310830267,0.013315628863988346,0.22949732068714446,0.37328226734056463
980,0.2919902888535451,0.31067388353615205,0.38600943744343597,0.011326390166866727
981,0.31583576416907816,0.27585803901059397,0.016750639117304924,0.39155555770302314
982,0.286099559971446,0.06790732000697941,0.2598491919070735,0.38614392811450104
983,0.3332202729248827,0.28362001372637324,0.008049255446847448,0.3751104579018967
984,0.35010797161324597,0.2672627823366014,0.06079786007310809,0.32183138597704464
985,0.1995315729734638,0.25907122093167734,0.26276676733697063,0.2786304387578883
986,0.39330569435721097,0.14347793695606642,0.07433266069937643,0.3888837079873461
987,0.3107186095992905,0.1596058187888232,0.3436806015583285,0.1859949700535578
988,0.14083448164052356,0.3278465158908075,0.24386003640593298,0.28745896606273597
989,0.18300951338690793,0.38677836861095793,0.23145740609068605,0.19875471191144806
990,0.2429375978641998,0.35280300250314395,0.0784564829622615,0.32580291667039474
991,0.3147073656305263,0.20359034923876818,0.314875822845087,0.16682646228561843
992,0.31848872442002424,0.2404833141035409,0.07524291499418846,0.36578504648224647
993,0.25362385558431727,0.2994141566935054,0.31119290348957085,0.13576908423260645
994,0.28672861496774116,0.285502326580628,0.33697932034742817,0.09078973810420277
995,0.3741361714126301,0.0071709225986546525,0.2784776825442972,0.34021522344441796
996,0.18555355210572455,0.32041217030058733,0.3652040175161545,0.12883026007753356
997,0.3428979087864442,0.021083630068206894,0.384687743167574,0.25133071797777495
998,0.3410722665103041,0.0547855967193329,0.28686827008706245,0.31727386668330065
999,0.2183203239134905,0.22084451842033093,0.2971638228984181,0.26367133476776045
